obs_joincount,null_mean,null_std,perm_p,n_perm
0.1056475170399221,0.039166828951639074,0.0021750078614199914,0.000999000999000999,1000
