n,beta_crude,p_crude,beta_adj_guardian,p_adj_guardian,drugs
114,-0.04252207069931649,0.6530767192735553,-0.04243956043961152,0.6551535606585643,"azd5991,mim1,umi77"
