{
  "metric": "adjusted_rand_index",
  "n_pairs": 435,
  "mean": 0.5247213657181672,
  "std": 0.1177836537442956,
  "min": 0.21930563671797298,
  "max": 0.8298456205648246
}