beta,ci_low,ci_high,p
0.02524207507783645,-0.11649815620285918,0.16698230635853206,0.7248393731451955
