n_specs,median_beta,sign_agreement_share,positive_share,sig_share_uncorrected,sig_share_fdr,beta_iqr,S3_stability
360,0.10025164923120497,0.7722222222222223,0.7722222222222223,0.075,0.0,0.16247822200388762,0.6170159137499076
